0.03370383747153037,0.03364905236673798,0.0336030828312391,0.03356661546827164,0.03354018523356197,0.033524174300031795,0.03351881186601574,0.033524174300031795,0.03354018523356197,0.03356661546827164,0.0336030828312391,0.03364905236673798,0.03370383747153037,0.03364905236673798,0.0336030828312391,0.03356661546827164,0.03354018523356197,0.033524174300031795,0.03351881186601574,0.033524174300031795,0.03354018523356197,0.03356661546827164,0.0336030828312391,0.03364905236673798,0.03370383747153037,0.03364905236673798,0.0336030828312391,0.03356661546827164,0.03354018523356197,0.033524174300031795,0.03351881186601574,0.033524174300031795,0.03354018523356197,0.03356661546827164,0.0336030828312391,0.03364905236673798,0.03370383747153037,0.03364905236673798,0.0336030828312391,0.03356661546827164,0.03354018523356197,0.033524174300031795,0.03351881186601574,0.033524174300031795,0.03354018523356197,0.03356661546827164,0.0336030828312391,0.03364905236673798
0.033177661729614026,0.03307115793400866,0.032982211387992684,0.03291193432481024,0.03286116180393799,0.03283047232205198,0.032820205236873394,0.03283047232205198,0.03286116180393799,0.03291193432481024,0.032982211387992684,0.03307115793400866,0.033177661729614026,0.03307115793400866,0.032982211387992684,0.03291193432481024,0.03286116180393799,0.03283047232205198,0.032820205236873394,0.03283047232205198,0.03286116180393799,0.03291193432481024,0.032982211387992684,0.03307115793400866,0.033177661729614026,0.03307115793400866,0.032982211387992684,0.03291193432481024,0.03286116180393799,0.03283047232205198,0.032820205236873394,0.03283047232205198,0.03286116180393799,0.03291193432481024,0.032982211387992684,0.03307115793400866,0.033177661729614026,0.03307115793400866,0.032982211387992684,0.03291193432481024,0.03286116180393799,0.03283047232205198,0.032820205236873394,0.03283047232205198,0.03286116180393799,0.03291193432481024,0.032982211387992684,0.03307115793400866
0.03262825663270362,0.032473695954292406,0.032345390968320856,0.03224453964444312,0.0321719755859192,0.032128237968495066,0.03211362677199976,0.032128237968495066,0.0321719755859192,0.03224453964444312,0.032345390968320856,0.032473695954292406,0.03262825663270362,0.032473695954292406,0.032345390968320856,0.03224453964444312,0.0321719755859192,0.032128237968495066,0.03211362677199976,0.032128237968495066,0.0321719755859192,0.03224453964444312,0.032345390968320856,0.032473695954292406,0.03262825663270362,0.032473695954292406,0.032345390968320856,0.03224453964444312,0.0321719755859192,0.032128237968495066,0.03211362677199976,0.032128237968495066,0.0321719755859192,0.03224453964444312,0.032345390968320856,0.032473695954292406,0.03262825663270362,0.032473695954292406,0.032345390968320856,0.03224453964444312,0.0321719755859192,0.032128237968495066,0.03211362677199976,0.032128237968495066,0.0321719755859192,0.03224453964444312,0.032345390968320856,0.032473695954292406
0.032050506379162215,0.031852148572905616,0.031688679325113864,0.031560985254692635,0.03146955755618792,0.03141463654062119,0.03139632109706243,0.03141463654062119,0.03146955755618792,0.031560985254692635,0.031688679325113864,0.031852148572905616,0.032050506379162215,0.031852148572905616,0.031688679325113864,0.031560985254692635,0.03146955755618792,0.03141463654062119,0.03139632109706243,0.03141463654062119,0.03146955755618792,0.031560985254692635,0.031688679325113864,0.031852148572905616,0.032050506379162215,0.031852148572905616,0.031688679325113864,0.031560985254692635,0.03146955755618792,0.03141463654062119,0.03139632109706243,0.03141463654062119,0.03146955755618792,0.031560985254692635,0.031688679325113864,0.031852148572905616,0.032050506379162215,0.031852148572905616,0.031688679325113864,0.031560985254692635,0.03146955755618792,0.03141463654062119,0.03139632109706243,0.03141463654062119,0.03146955755618792,0.031560985254692635,0.031688679325113864,0.031852148572905616
0.031442559575475926,0.031205229225364763,0.031011287069675132,0.030860877400336707,0.030753794969243024,0.030689721220089696,0.03066839603686736,0.030689721220089696,0.030753794969243024,0.030860877400336707,0.031011287069675132,0.031205229225364763,0.031442559575475926,0.031205229225364763,0.031011287069675132,0.030860877400336707,0.030753794969243024,0.030689721220089696,0.03066839603686736,0.030689721220089696,0.030753794969243024,0.030860877400336707,0.031011287069675132,0.031205229225364763,0.031442559575475926,0.031205229225364763,0.031011287069675132,0.030860877400336707,0.030753794969243024,0.030689721220089696,0.03066839603686736,0.030689721220089696,0.030753794969243024,0.030860877400336707,0.031011287069675132,0.031205229225364763,0.031442559575475926,0.031205229225364763,0.031011287069675132,0.030860877400336707,0.030753794969243024,0.030689721220089696,0.03066839603686736,0.030689721220089696,0.030753794969243024,0.030860877400336707,0.031011287069675132,0.031205229225364763
0.030803828513767707,0.030532867007773194,0.030313553709126258,0.030144849147418835,0.030025508469459086,0.029954413781118513,0.029930804903531654,0.029954413781118513,0.030025508469459086,0.030144849147418835,0.030313553709126258,0.030532867007773194,0.030803828513767707,0.030532867007773194,0.030313553709126258,0.030144849147418835,0.030025508469459086,0.029954413781118513,0.029930804903531654,0.029954413781118513,0.030025508469459086,0.030144849147418835,0.030313553709126258,0.030532867007773194,0.030803828513767707,0.030532867007773194,0.030313553709126258,0.030144849147418835,0.030025508469459086,0.029954413781118513,0.029930804903531654,0.029954413781118513,0.030025508469459086,0.030144849147418835,0.030313553709126258,0.030532867007773194,0.030803828513767707,0.030532867007773194,0.030313553709126258,0.030144849147418835,0.030025508469459086,0.029954413781118513,0.029930804903531654,0.029954413781118513,0.030025508469459086,0.030144849147418835,0.030313553709126258,0.030532867007773194
0.030134411764200685,0.029835618937585014,0.029596356519514564,0.029413972085180397,0.02928586989118598,0.029209928050208944,0.02918477221591349,0.029209928050208944,0.02928586989118598,0.029413972085180397,0.029596356519514564,0.029835618937585014,0.030134411764200685,0.029835618937585014,0.029596356519514564,0.029413972085180397,0.02928586989118598,0.029209928050208944,0.02918477221591349,0.029209928050208944,0.02928586989118598,0.029413972085180397,0.029596356519514564,0.029835618937585014,0.030134411764200685,0.029835618937585014,0.029596356519514564,0.029413972085180397,0.02928586989118598,0.029209928050208944,0.02918477221591349,0.029209928050208944,0.02928586989118598,0.029413972085180397,0.029596356519514564,0.029835618937585014,0.030134411764200685,0.029835618937585014,0.029596356519514564,0.029413972085180397,0.02928586989118598,0.029209928050208944,0.02918477221591349,0.029209928050208944,0.02928586989118598,0.029413972085180397,0.029596356519514564,0.029835618937585014
0.029434870833790098,0.029114438531829653,0.028860878221317006,0.028669528910119438,0.02853618233011204,0.028457556364519934,0.028431582634427438,0.028457556364519934,0.02853618233011204,0.028669528910119438,0.028860878221317006,0.029114438531829653,0.029434870833790098,0.029114438531829653,0.028860878221317006,0.028669528910119438,0.02853618233011204,0.028457556364519934,0.028431582634427438,0.028457556364519934,0.02853618233011204,0.028669528910119438,0.028860878221317006,0.029114438531829653,0.029434870833790098,0.029114438531829653,0.028860878221317006,0.028669528910119438,0.02853618233011204,0.028457556364519934,0.028431582634427438,0.028457556364519934,0.02853618233011204,0.028669528910119438,0.028860878221317006,0.029114438531829653,0.029434870833790098,0.029114438531829653,0.028860878221317006,0.028669528910119438,0.02853618233011204,0.028457556364519934,0.028431582634427438,0.028457556364519934,0.02853618233011204,0.028669528910119438,0.028860878221317006,0.029114438531829653
0.028706123411606145,0.0283705626562393,0.028108494621380212,0.027912907185109505,0.027777782006209034,0.027698578025252465,0.027672491923153388,0.027698578025252465,0.027777782006209034,0.027912907185109505,0.028108494621380212,0.0283705626562393,0.028706123411606145,0.0283705626562393,0.028108494621380212,0.027912907185109505,0.027777782006209034,0.027698578025252465,0.027672491923153388,0.027698578025252465,0.027777782006209034,0.027912907185109505,0.028108494621380212,0.0283705626562393,0.028706123411606145,0.0283705626562393,0.028108494621380212,0.027912907185109505,0.027777782006209034,0.027698578025252465,0.027672491923153388,0.027698578025252465,0.027777782006209034,0.027912907185109505,0.028108494621380212,0.0283705626562393,0.028706123411606145,0.0283705626562393,0.028108494621380212,0.027912907185109505,0.027777782006209034,0.027698578025252465,0.027672491923153388,0.027698578025252465,0.027777782006209034,0.027912907185109505,0.028108494621380212,0.0283705626562393
0.02794938216556965,0.027605445424650904,0.027340710621915166,0.027145542221508164,0.027011989463947776,0.026934217024164934,0.026908687124617137,0.026934217024164934,0.027011989463947776,0.027145542221508164,0.027340710621915166,0.027605445424650904,0.02794938216556965,0.027605445424650904,0.027340710621915166,0.027145542221508164,0.027011989463947776,0.026934217024164934,0.026908687124617137,0.026934217024164934,0.027011989463947776,0.027145542221508164,0.027340710621915166,0.027605445424650904,0.02794938216556965,0.027605445424650904,0.027340710621915166,0.027145542221508164,0.027011989463947776,0.026934217024164934,0.026908687124617137,0.026934217024164934,0.027011989463947776,0.027145542221508164,0.027340710621915166,0.027605445424650904,0.02794938216556965,0.027605445424650904,0.027340710621915166,0.027145542221508164,0.027011989463947776,0.026934217024164934,0.026908687124617137,0.026934217024164934,0.027011989463947776,0.027145542221508164,0.027340710621915166,0.027605445424650904
0.02716611345320701,0.02682071342434601,0.026559118630086115,0.026368882829505867,0.02624008361150791,0.026165622391650472,0.026141269244402618,0.026165622391650472,0.02624008361150791,0.026368882829505867,0.026559118630086115,0.02682071342434601,0.02716611345320701,0.02682071342434601,0.026559118630086115,0.026368882829505867,0.02624008361150791,0.026165622391650472,0.026141269244402618,0.026165622391650472,0.02624008361150791,0.026368882829505867,0.026559118630086115,0.02682071342434601,0.02716611345320701,0.02682071342434601,0.026559118630086115,0.026368882829505867,0.02624008361150791,0.026165622391650472,0.026141269244402618,0.026165622391650472,0.02624008361150791,0.026368882829505867,0.026559118630086115,0.02682071342434601,0.02716611345320701,0.02682071342434601,0.026559118630086115,0.026368882829505867,0.02624008361150791,0.026165622391650472,0.026141269244402618,0.026165622391650472,0.02624008361150791,0.026368882829505867,0.026559118630086115,0.02682071342434601
0.026358005433184232,0.02601813168909713,0.025765368603162,0.025584368965395714,0.025463287468794123,0.025393859944901273,0.025371247195388243,0.025393859944901273,0.025463287468794123,0.025584368965395714,0.025765368603162,0.02601813168909713,0.026358005433184232,0.02601813168909713,0.025765368603162,0.025584368965395714,0.025463287468794123,0.025393859944901273,0.025371247195388243,0.025393859944901273,0.025463287468794123,0.025584368965395714,0.025765368603162,0.02601813168909713,0.026358005433184232,0.02601813168909713,0.025765368603162,0.025584368965395714,0.025463287468794123,0.025393859944901273,0.025371247195388243,0.025393859944901273,0.025463287468794123,0.025584368965395714,0.025765368603162,0.02601813168909713,0.026358005433184232,0.02601813168909713,0.025765368603162,0.025584368965395714,0.025463287468794123,0.025393859944901273,0.025371247195388243,0.025393859944901273,0.025463287468794123,0.025584368965395714,0.025765368603162,0.02601813168909713
0.025526940873588293,0.025199575647575644,0.02496114479654216,0.02479341618566867,0.024682760427345404,0.02461991018572681,0.024599537736016728,0.02461991018572681,0.024682760427345404,0.02479341618566867,0.02496114479654216,0.025199575647575644,0.025526940873588293,0.025199575647575644,0.02496114479654216,0.02479341618566867,0.024682760427345404,0.02461991018572681,0.024599537736016728,0.02461991018572681,0.024682760427345404,0.02479341618566867,0.02496114479654216,0.025199575647575644,0.025526940873588293,0.025199575647575644,0.02496114479654216,0.02479341618566867,0.024682760427345404,0.02461991018572681,0.024599537736016728,0.02461991018572681,0.024682760427345404,0.02479341618566867,0.02496114479654216,0.025199575647575644,0.025526940873588293,0.025199575647575644,0.02496114479654216,0.02479341618566867,0.024682760427345404,0.02461991018572681,0.024599537736016728,0.02461991018572681,0.024682760427345404,0.02479341618566867,0.02496114479654216,0.025199575647575644
0.024674972435457396,0.02436700674589059,0.02414814676832611,0.023997404337582844,0.023899594380087208,0.02384466967704097,0.023826968725065675,0.02384466967704097,0.023899594380087208,0.023997404337582844,0.02414814676832611,0.02436700674589059,0.024674972435457396,0.02436700674589059,0.02414814676832611,0.023997404337582844,0.023899594380087208,0.02384466967704097,0.023826968725065675,0.02384466967704097,0.023899594380087208,0.023997404337582844,0.02414814676832611,0.02436700674589059,0.024674972435457396,0.02436700674589059,0.02414814676832611,0.023997404337582844,0.023899594380087208,0.02384466967704097,0.023826968725065675,0.02384466967704097,0.023899594380087208,0.023997404337582844,0.02414814676832611,0.02436700674589059,0.024674972435457396,0.02436700674589059,0.02414814676832611,0.023997404337582844,0.023899594380087208,0.02384466967704097,0.023826968725065675,0.02384466967704097,0.023899594380087208,0.023997404337582844,0.02414814676832611,0.02436700674589059
0.02380429936186788,0.023522450581456505,0.02332807334341232,0.02319766909040131,0.023114812278581302,0.023068954443299365,0.023054284237221417,0.023068954443299365,0.023114812278581302,0.02319766909040131,0.02332807334341232,0.023522450581456505,0.02380429936186788,0.023522450581456505,0.02332807334341232,0.02319766909040131,0.023114812278581302,0.023068954443299365,0.023054284237221417,0.023068954443299365,0.023114812278581302,0.02319766909040131,0.02332807334341232,0.023522450581456505,0.02380429936186788,0.023522450581456505,0.02332807334341232,0.02319766909040131,0.023114812278581302,0.023068954443299365,0.023054284237221417,0.023068954443299365,0.023114812278581302,0.02319766909040131,0.02332807334341232,0.023522450581456505,0.02380429936186788,0.023522450581456505,0.02332807334341232,0.02319766909040131,0.023114812278581302,0.023068954443299365,0.023054284237221417,0.023068954443299365,0.023114812278581302,0.02319766909040131,0.02332807334341232,0.023522450581456505
0.022917245072094743,0.022667976941804245,0.02250260880595208,0.022395495497812893,0.022329368280456785,0.022293504556464262,0.022282150703625537,0.022293504556464262,0.022329368280456785,0.022395495497812893,0.02250260880595208,0.022667976941804245,0.022917245072094743,0.022667976941804245,0.02250260880595208,0.022395495497812893,0.022329368280456785,0.022293504556464262,0.022282150703625537,0.022293504556464262,0.022329368280456785,0.022395495497812893,0.02250260880595208,0.022667976941804245,0.022917245072094743,0.022667976941804245,0.02250260880595208,0.022395495497812893,0.022329368280456785,0.022293504556464262,0.022282150703625537,0.022293504556464262,0.022329368280456785,0.022395495497812893,0.02250260880595208,0.022667976941804245,0.022917245072094743,0.022667976941804245,0.02250260880595208,0.022395495497812893,0.022329368280456785,0.022293504556464262,0.022282150703625537,0.022293504556464262,0.022329368280456785,0.022395495497812893,0.02250260880595208,0.022667976941804245
0.022016235454890603,0.021805681425315457,0.021673410881605456,0.021592113092103123,0.02154414897394936,0.021518989400900124,0.021511163575581443,0.021518989400900124,0.02154414897394936,0.021592113092103123,0.021673410881605456,0.021805681425315457,0.022016235454890603,0.021805681425315457,0.021673410881605456,0.021592113092103123,0.02154414897394936,0.021518989400900124,0.021511163575581443,0.021518989400900124,0.02154414897394936,0.021592113092103123,0.021673410881605456,0.021805681425315457,0.022016235454890603,0.021805681425315457,0.021673410881605456,0.021592113092103123,0.02154414897394936,0.021518989400900124,0.021511163575581443,0.021518989400900124,0.02154414897394936,0.021592113092103123,0.021673410881605456,0.021805681425315457,0.022016235454890603,0.021805681425315457,0.021673410881605456,0.021592113092103123,0.02154414897394936,0.021518989400900124,0.021511163575581443,0.021518989400900124,0.02154414897394936,0.021592113092103123,0.021673410881605456,0.021805681425315457
0.021103777811615824,0.020937668468409314,0.020842100228225822,0.02078869218312046,0.02075997534978867,0.020746013298826364,0.020741854199068273,0.020746013298826364,0.02075997534978867,0.02078869218312046,0.020842100228225822,0.020937668468409314,0.021103777811615824,0.020937668468409314,0.020842100228225822,0.02078869218312046,0.02075997534978867,0.020746013298826364,0.020741854199068273,0.020746013298826364,0.02075997534978867,0.02078869218312046,0.020842100228225822,0.020937668468409314,0.021103777811615824,0.020937668468409314,0.020842100228225822,0.02078869218312046,0.02075997534978867,0.020746013298826364,0.020741854199068273,0.020746013298826364,0.02075997534978867,0.02078869218312046,0.020842100228225822,0.020937668468409314,0.021103777811615824,0.020937668468409314,0.020842100228225822,0.02078869218312046,0.02075997534978867,0.020746013298826364,0.020741854199068273,0.020746013298826364,0.02075997534978867,0.02078869218312046,0.020842100228225822,0.020937668468409314
0.02018244048370052,0.02006603568037731,0.020010251240511517,0.01998634113565773,0.019977605299454873,0.019975121289674682,0.019974696699976757,0.019975121289674682,0.019977605299454873,0.01998634113565773,0.020010251240511517,0.02006603568037731,0.02018244048370052,0.02006603568037731,0.020010251240511517,0.01998634113565773,0.019977605299454873,0.019975121289674682,0.019974696699976757,0.019975121289674682,0.019977605299454873,0.01998634113565773,0.020010251240511517,0.02006603568037731,0.02018244048370052,0.02006603568037731,0.020010251240511517,0.01998634113565773,0.019977605299454873,0.019975121289674682,0.019974696699976757,0.019975121289674682,0.019977605299454873,0.01998634113565773,0.020010251240511517,0.02006603568037731,0.02018244048370052,0.02006603568037731,0.020010251240511517,0.01998634113565773,0.019977605299454873,0.019975121289674682,0.019974696699976757,0.019975121289674682,0.019977605299454873,0.01998634113565773,0.020010251240511517,0.02006603568037731
0.019254833242305144,0.019192859425269045,0.01917938402329174,0.019186104460318265,0.01919773648635912,0.019206804925685744,0.019210114749051554,0.019206804925685744,0.01919773648635912,0.019186104460318265,0.01917938402329174,0.019192859425269045,0.019254833242305144,0.019192859425269045,0.01917938402329174,0.019186104460318265,0.01919773648635912,0.019206804925685744,0.019210114749051554,0.019206804925685744,0.01919773648635912,0.019186104460318265,0.01917938402329174,0.019192859425269045,0.019254833242305144,0.019192859425269045,0.01917938402329174,0.019186104460318265,0.01919773648635912,0.019206804925685744,0.019210114749051554,0.019206804925685744,0.01919773648635912,0.019186104460318265,0.01917938402329174,0.019192859425269045,0.019254833242305144,0.019192859425269045,0.01917938402329174,0.019186104460318265,0.01919773648635912,0.019206804925685744,0.019210114749051554,0.019206804925685744,0.01919773648635912,0.019186104460318265,0.01917938402329174,0.019192859425269045
0.018323588538281352,0.018320181606907533,0.018350957416420368,0.018388961592383686,0.01842100948023856,0.018441507990171434,0.01844848811937572,0.018441507990171434,0.01842100948023856,0.018388961592383686,0.018350957416420368,0.018320181606907533,0.018323588538281352,0.018320181606907533,0.018350957416420368,0.018388961592383686,0.01842100948023856,0.018441507990171434,0.01844848811937572,0.018441507990171434,0.01842100948023856,0.018388961592383686,0.018350957416420368,0.018320181606907533,0.018323588538281352,0.018320181606907533,0.018350957416420368,0.018388961592383686,0.01842100948023856,0.018441507990171434,0.01844848811937572,0.018441507990171434,0.01842100948023856,0.018388961592383686,0.018350957416420368,0.018320181606907533,0.018323588538281352,0.018320181606907533,0.018350957416420368,0.018388961592383686,0.01842100948023856,0.018441507990171434,0.01844848811937572,0.018441507990171434,0.01842100948023856,0.018388961592383686,0.018350957416420368,0.018320181606907533
0.017391343717159814,0.01744999761744263,0.017526362970917,0.017595826259921985,0.0176480110745401,0.017679632073889482,0.01769015897782421,0.017679632073889482,0.0176480110745401,0.017595826259921985,0.017526362970917,0.01744999761744263,0.017391343717159814,0.01744999761744263,0.017526362970917,0.017595826259921985,0.0176480110745401,0.017679632073889482,0.01769015897782421,0.017679632073889482,0.0176480110745401,0.017595826259921985,0.017526362970917,0.01744999761744263,0.017391343717159814,0.01744999761744263,0.017526362970917,0.017595826259921985,0.0176480110745401,0.017679632073889482,0.01769015897782421,0.017679632073889482,0.0176480110745401,0.017595826259921985,0.017526362970917,0.01744999761744263,0.017391343717159814,0.01744999761744263,0.017526362970917,0.017595826259921985,0.0176480110745401,0.017679632073889482,0.01769015897782421,0.017679632073889482,0.0176480110745401,0.017595826259921985,0.017526362970917,0.01744999761744263
0.01646072430243625,0.016584245406944607,0.01670691978619288,0.016807546361574197,0.016879277727176064,0.016921541964546816,0.01693543787095827,0.016921541964546816,0.016879277727176064,0.016807546361574197,0.01670691978619288,0.016584245406944607,0.01646072430243625,0.016584245406944607,0.01670691978619288,0.016807546361574197,0.016879277727176064,0.016921541964546816,0.01693543787095827,0.016921541964546816,0.016879277727176064,0.016807546361574197,0.01670691978619288,0.016584245406944607,0.01646072430243625,0.016584245406944607,0.01670691978619288,0.016807546361574197,0.016879277727176064,0.016921541964546816,0.01693543787095827,0.016921541964546816,0.016879277727176064,0.016807546361574197,0.01670691978619288,0.016584245406944607,0.01646072430243625,0.016584245406944607,0.01670691978619288,0.016807546361574197,0.016879277727176064,0.016921541964546816,0.01693543787095827,0.016921541964546816,0.016879277727176064,0.016807546361574197,0.01670691978619288,0.016584245406944607
0.015534328444261,0.015724795624313493,0.01589387012490733,0.01602490428912305,0.01611529907991097,0.016167570817907696,0.016184609378748462,0.016167570817907696,0.01611529907991097,0.01602490428912305,0.01589387012490733,0.015724795624313493,0.015534328444261,0.015724795624313493,0.01589387012490733,0.01602490428912305,0.01611529907991097,0.016167570817907696,0.016184609378748462,0.016167570817907696,0.01611529907991097,0.01602490428912305,0.01589387012490733,0.015724795624313493,0.015534328444261,0.015724795624313493,0.01589387012490733,0.01602490428912305,0.01611529907991097,0.016167570817907696,0.016184609378748462,0.016167570817907696,0.01611529907991097,0.01602490428912305,0.01589387012490733,0.015724795624313493,0.015534328444261,0.015724795624313493,0.01589387012490733,0.01602490428912305,0.01611529907991097,0.016167570817907696,0.016184609378748462,0.016167570817907696,0.01611529907991097,0.01602490428912305,0.01589387012490733,0.015724795624313493
0.014614712621889335,0.014873442769877326,0.01508837572701899,0.01524861764182983,0.015356521522649592,0.015418025088358472,0.015437937418397414,0.015418025088358472,0.015356521522649592,0.01524861764182983,0.01508837572701899,0.014873442769877326,0.014614712621889335,0.014873442769877326,0.01508837572701899,0.01524861764182983,0.015356521522649592,0.015418025088358472,0.015437937418397414,0.015418025088358472,0.015356521522649592,0.01524861764182983,0.01508837572701899,0.014873442769877326,0.014614712621889335,0.014873442769877326,0.01508837572701899,0.01524861764182983,0.015356521522649592,0.015418025088358472,0.015437937418397414,0.015418025088358472,0.015356521522649592,0.01524861764182983,0.01508837572701899,0.014873442769877326,0.014614712621889335,0.014873442769877326,0.01508837572701899,0.01524861764182983,0.015356521522649592,0.015418025088358472,0.015437937418397414,0.015418025088358472,0.015356521522649592,0.01524861764182983,0.01508837572701899,0.014873442769877326
0.013704378678337797,0.01403189728838561,0.014291514749036218,0.014479340289666033,0.014603351777183766,0.014673189203374253,0.01469567018672767,0.014673189203374253,0.014603351777183766,0.014479340289666033,0.014291514749036218,0.01403189728838561,0.013704378678337797,0.01403189728838561,0.014291514749036218,0.014479340289666033,0.014603351777183766,0.014673189203374253,0.01469567018672767,0.014673189203374253,0.014603351777183766,0.014479340289666033,0.014291514749036218,0.01403189728838561,0.013704378678337797,0.01403189728838561,0.014291514749036218,0.014479340289666033,0.014603351777183766,0.014673189203374253,0.01469567018672767,0.014673189203374253,0.014603351777183766,0.014479340289666033,0.014291514749036218,0.01403189728838561,0.013704378678337797,0.01403189728838561,0.014291514749036218,0.014479340289666033,0.014603351777183766,0.014673189203374253,0.01469567018672767,0.014673189203374253,0.014603351777183766,0.014479340289666033,0.014291514749036218,0.01403189728838561
0.012805762255597215,0.013201778518128334,0.013504279259065562,0.013717663751579396,0.013856160481229174,0.01393332997096949,0.013958044733978174,0.01393332997096949,0.013856160481229174,0.013717663751579396,0.013504279259065562,0.013201778518128334,0.012805762255597215,0.013201778518128334,0.013504279259065562,0.013717663751579396,0.013856160481229174,0.01393332997096949,0.013958044733978174,0.01393332997096949,0.013856160481229174,0.013717663751579396,0.013504279259065562,0.013201778518128334,0.012805762255597215,0.013201778518128334,0.013504279259065562,0.013717663751579396,0.013856160481229174,0.01393332997096949,0.013958044733978174,0.01393332997096949,0.013856160481229174,0.013717663751579396,0.013504279259065562,0.013201778518128334,0.012805762255597215,0.013201778518128334,0.013504279259065562,0.013717663751579396,0.013856160481229174,0.01393332997096949,0.013958044733978174,0.01393332997096949,0.013856160481229174,0.013717663751579396,0.013504279259065562,0.013201778518128334
0.011921222689175429,0.01238460839778602,0.012727573223525001,0.012964118863170764,0.013115285758285637,0.01319870071246654,0.013225291165006205,0.01319870071246654,0.013115285758285637,0.012964118863170764,0.012727573223525001,0.01238460839778602,0.011921222689175429,0.01238460839778602,0.012727573223525001,0.012964118863170764,0.013115285758285637,0.01319870071246654,0.013225291165006205,0.01319870071246654,0.013115285758285637,0.012964118863170764,0.012727573223525001,0.01238460839778602,0.011921222689175429,0.01238460839778602,0.012727573223525001,0.012964118863170764,0.013115285758285637,0.01319870071246654,0.013225291165006205,0.01319870071246654,0.013115285758285637,0.012964118863170764,0.012727573223525001,0.01238460839778602,0.011921222689175429,0.01238460839778602,0.012727573223525001,0.012964118863170764,0.013115285758285637,0.01319870071246654,0.013225291165006205,0.01319870071246654,0.013115285758285637,0.012964118863170764,0.012727573223525001,0.01238460839778602
0.011053034412210616,0.011581805817308794,0.01196221092773355,0.01221917771580764,0.012381036762273426,0.012469545115166078,0.01249763646622769,0.012469545115166078,0.012381036762273426,0.01221917771580764,0.01196221092773355,0.011581805817308794,0.011053034412210616,0.011581805817308794,0.01196221092773355,0.01221917771580764,0.012381036762273426,0.012469545115166078,0.01249763646622769,0.012469545115166078,0.012381036762273426,0.01221917771580764,0.01196221092773355,0.011581805817308794,0.011053034412210616,0.011581805817308794,0.01196221092773355,0.01221917771580764,0.012381036762273426,0.012469545115166078,0.01249763646622769,0.012469545115166078,0.012381036762273426,0.01221917771580764,0.01196221092773355,0.011581805817308794,0.011053034412210616,0.011581805817308794,0.01196221092773355,0.01221917771580764,0.012381036762273426,0.012469545115166078,0.01249763646622769,0.012469545115166078,0.012381036762273426,0.01221917771580764,0.01196221092773355,0.011581805817308794
0.010203379912302711,0.010794681482455036,0.01120891578036018,0.01148325585633175,0.011653697188214967,0.011746100801033563,0.01177530795843502,0.011746100801033563,0.011653697188214967,0.01148325585633175,0.01120891578036018,0.010794681482455036,0.010203379912302711,0.010794681482455036,0.01120891578036018,0.01148325585633175,0.011653697188214967,0.011746100801033563,0.01177530795843502,0.011746100801033563,0.011653697188214967,0.01148325585633175,0.01120891578036018,0.010794681482455036,0.010203379912302711,0.010794681482455036,0.01120891578036018,0.01148325585633175,0.011653697188214967,0.011746100801033563,0.01177530795843502,0.011746100801033563,0.011653697188214967,0.01148325585633175,0.01120891578036018,0.010794681482455036,0.010203379912302711,0.010794681482455036,0.01120891578036018,0.01148325585633175,0.011653697188214967,0.011746100801033563,0.01177530795843502,0.011746100801033563,0.011653697188214967,0.01148325585633175,0.01120891578036018,0.010794681482455036
0.009374344278876368,0.010024433144310231,0.010468319461256956,0.010756714743123836,0.010933528741573759,0.011028602608532816,0.011058536377111974,0.011028602608532816,0.010933528741573759,0.010756714743123836,0.010468319461256956,0.010024433144310231,0.009374344278876368,0.010024433144310231,0.010468319461256956,0.010756714743123836,0.010933528741573759,0.011028602608532816,0.011058536377111974,0.011028602608532816,0.010933528741573759,0.010756714743123836,0.010468319461256956,0.010024433144310231,0.009374344278876368,0.010024433144310231,0.010468319461256956,0.010756714743123836,0.010933528741573759,0.011028602608532816,0.011058536377111974,0.011028602608532816,0.010933528741573759,0.010756714743123836,0.010468319461256956,0.010024433144310231,0.009374344278876368,0.010024433144310231,0.010468319461256956,0.010756714743123836,0.010933528741573759,0.011028602608532816,0.011058536377111974,0.011028602608532816,0.010933528741573759,0.010756714743123836,0.010468319461256956,0.010024433144310231
0.008567911375560662,0.009272141024787642,0.009740961383861633,0.010039864460293018,0.01022077455931204,0.010317285585400026,0.01034755858316786,0.010317285585400026,0.01022077455931204,0.010039864460293018,0.009740961383861633,0.009272141024787642,0.008567911375560662,0.009272141024787642,0.009740961383861633,0.010039864460293018,0.01022077455931204,0.010317285585400026,0.01034755858316786,0.010317285585400026,0.01022077455931204,0.010039864460293018,0.009740961383861633,0.009272141024787642,0.008567911375560662,0.009272141024787642,0.009740961383861633,0.010039864460293018,0.01022077455931204,0.010317285585400026,0.01034755858316786,0.010317285585400026,0.01022077455931204,0.010039864460293018,0.009740961383861633,0.009272141024787642,0.008567911375560662,0.009272141024787642,0.009740961383861633,0.010039864460293018,0.01022077455931204,0.010317285585400026,0.01034755858316786,0.010317285585400026,0.01022077455931204,0.010039864460293018,0.009740961383861633,0.009272141024787642
0.007785961670962023,0.008538763246338245,0.009027288457524235,0.00933296669703376,0.009515662575359027,0.009612387690586532,0.009642619908244865,0.009612387690586532,0.009515662575359027,0.00933296669703376,0.009027288457524235,0.008538763246338245,0.007785961670962023,0.008538763246338245,0.009027288457524235,0.00933296669703376,0.009515662575359027,0.009612387690586532,0.009642619908244865,0.009612387690586532,0.009515662575359027,0.00933296669703376,0.009027288457524235,0.008538763246338245,0.007785961670962023,0.008538763246338245,0.009027288457524235,0.00933296669703376,0.009515662575359027,0.009612387690586532,0.009642619908244865,0.009612387690586532,0.009515662575359027,0.00933296669703376,0.009027288457524235,0.008538763246338245,0.007785961670962023,0.008538763246338245,0.009027288457524235,0.00933296669703376,0.009515662575359027,0.009612387690586532,0.009642619908244865,0.009612387690586532,0.009515662575359027,0.00933296669703376,0.009027288457524235,0.008538763246338245
0.007030271762483725,0.00782513104836528,0.008327655152220666,0.008636238003554897,0.00881840882204818,0.008914152203909951,0.008943976139986884,0.008914152203909951,0.00881840882204818,0.008636238003554897,0.008327655152220666,0.00782513104836528,0.007030271762483725,0.00782513104836528,0.008327655152220666,0.008636238003554897,0.00881840882204818,0.008914152203909951,0.008943976139986884,0.008914152203909951,0.00881840882204818,0.008636238003554897,0.008327655152220666,0.00782513104836528,0.007030271762483725,0.00782513104836528,0.008327655152220666,0.008636238003554897,0.00881840882204818,0.008914152203909951,0.008943976139986884,0.008914152203909951,0.00881840882204818,0.008636238003554897,0.008327655152220666,0.00782513104836528,0.007030271762483725,0.00782513104836528,0.008327655152220666,0.008636238003554897,0.00881840882204818,0.008914152203909951,0.008943976139986884,0.008914152203909951,0.00881840882204818,0.008636238003554897,0.008327655152220666,0.00782513104836528
0.006302515631667849,0.007131943543570755,0.007642323888653392,0.007949853338203713,0.008129220657250275,0.008222829842230963,0.008251895153945001,0.008222829842230963,0.008129220657250275,0.007949853338203713,0.007642323888653392,0.007131943543570755,0.006302515631667849,0.007131943543570755,0.007642323888653392,0.007949853338203713,0.008129220657250275,0.008222829842230963,0.008251895153945001,0.008222829842230963,0.008129220657250275,0.007949853338203713,0.007642323888653392,0.007131943543570755,0.006302515631667849,0.007131943543570755,0.007642323888653392,0.007949853338203713,0.008129220657250275,0.008222829842230963,0.008251895153945001,0.008222829842230963,0.008129220657250275,0.007949853338203713,0.007642323888653392,0.007131943543570755,0.006302515631667849,0.007131943543570755,0.007642323888653392,0.007949853338203713,0.008129220657250275,0.008222829842230963,0.008251895153945001,0.008222829842230963,0.008129220657250275,0.007949853338203713,0.007642323888653392,0.007131943543570755
0.005604267676029359,0.006459761734033106,0.00697146580126273,0.007273949922194069,0.007448299904468192,0.007538680581292177,0.007566658200164252,0.007538680581292177,0.007448299904468192,0.007273949922194069,0.00697146580126273,0.006459761734033106,0.005604267676029359,0.006459761734033106,0.00697146580126273,0.007273949922194069,0.007448299904468192,0.007538680581292177,0.007566658200164252,0.007538680581292177,0.007448299904468192,0.007273949922194069,0.00697146580126273,0.006459761734033106,0.005604267676029359,0.006459761734033106,0.00697146580126273,0.007273949922194069,0.007448299904468192,0.007538680581292177,0.007566658200164252,0.007538680581292177,0.007448299904468192,0.007273949922194069,0.00697146580126273,0.006459761734033106,0.005604267676029359,0.006459761734033106,0.00697146580126273,0.007273949922194069,0.007448299904468192,0.007538680581292177,0.007566658200164252,0.007538680581292177,0.007448299904468192,0.007273949922194069,0.00697146580126273,0.006459761734033106
0.004937007571646002,0.005809001468526111,0.00631516195081066,0.006608631418357557,0.00677584589015667,0.006861975182782101,0.006888560853960864,0.006861975182782101,0.00677584589015667,0.006608631418357557,0.00631516195081066,0.005809001468526111,0.004937007571646002,0.005809001468526111,0.00631516195081066,0.006608631418357557,0.00677584589015667,0.006861975182782101,0.006888560853960864,0.006861975182782101,0.00677584589015667,0.006608631418357557,0.00631516195081066,0.005809001468526111,0.004937007571646002,0.005809001468526111,0.00631516195081066,0.006608631418357557,0.00677584589015667,0.006861975182782101,0.006888560853960864,0.006861975182782101,0.00677584589015667,0.006608631418357557,0.00631516195081066,0.005809001468526111,0.004937007571646002,0.005809001468526111,0.00631516195081066,0.006608631418357557,0.00677584589015667,0.006861975182782101,0.006888560853960864,0.006861975182782101,0.00677584589015667,0.006608631418357557,0.00631516195081066,0.005809001468526111
0.004302127032976703,0.005179924978688762,0.005673405097665794,0.005953972448167442,0.0061120583590949015,0.006192996426782867,0.006217913641958332,0.006192996426782867,0.0061120583590949015,0.005953972448167442,0.005673405097665794,0.005179924978688762,0.004302127032976703,0.005179924978688762,0.005673405097665794,0.005953972448167442,0.0061120583590949015,0.006192996426782867,0.006217913641958332,0.006192996426782867,0.0061120583590949015,0.005953972448167442,0.005673405097665794,0.005179924978688762,0.004302127032976703,0.005179924978688762,0.005673405097665794,0.005953972448167442,0.0061120583590949015,0.006192996426782867,0.006217913641958332,0.006192996426782867,0.0061120583590949015,0.005953972448167442,0.005673405097665794,0.005179924978688762,0.004302127032976703,0.005179924978688762,0.005673405097665794,0.005953972448167442,0.0061120583590949015,0.006192996426782867,0.006217913641958332,0.006192996426782867,0.0061120583590949015,0.005953972448167442,0.005673405097665794,0.005179924978688762
0.003700938551621034,0.00457263058132063,0.005046102187512138,0.005310023456459499,0.005457140244903566,0.0055320400505694855,0.005555042356088697,0.0055320400505694855,0.005457140244903566,0.005310023456459499,0.005046102187512138,0.00457263058132063,0.003700938551621034,0.00457263058132063,0.005046102187512138,0.005310023456459499,0.005457140244903566,0.0055320400505694855,0.005555042356088697,0.0055320400505694855,0.005457140244903566,0.005310023456459499,0.005046102187512138,0.00457263058132063,0.003700938551621034,0.00457263058132063,0.005046102187512138,0.005310023456459499,0.005457140244903566,0.0055320400505694855,0.005555042356088697,0.0055320400505694855,0.005457140244903566,0.005310023456459499,0.005046102187512138,0.00457263058132063,0.003700938551621034,0.00457263058132063,0.005046102187512138,0.005310023456459499,0.005457140244903566,0.0055320400505694855,0.005555042356088697,0.0055320400505694855,0.005457140244903566,0.005310023456459499,0.005046102187512138,0.00457263058132063
0.0031346862141214634,0.003987040076422038,0.004433077748822054,0.004676815925249678,0.00481130026893121,0.004879415395797183,0.004900288069960398,0.004879415395797183,0.00481130026893121,0.004676815925249678,0.004433077748822054,0.003987040076422038,0.0031346862141214634,0.003987040076422038,0.004433077748822054,0.004676815925249678,0.00481130026893121,0.004879415395797183,0.004900288069960398,0.004879415395797183,0.00481130026893121,0.004676815925249678,0.004433077748822054,0.003987040076422038,0.0031346862141214634,0.003987040076422038,0.004433077748822054,0.004676815925249678,0.00481130026893121,0.004879415395797183,0.004900288069960398,0.004879415395797183,0.00481130026893121,0.004676815925249678,0.004433077748822054,0.003987040076422038,0.0031346862141214634,0.003987040076422038,0.004433077748822054,0.004676815925249678,0.00481130026893121,0.004879415395797183,0.004900288069960398,0.004879415395797183,0.00481130026893121,0.004676815925249678,0.004433077748822054,0.003987040076422038
0.0026045587205691767,0.003422883304665035,0.003834078457071537,0.0040543679261963415,0.004174755336938311,0.0042354457674697605,0.0042540068737095815,0.0042354457674697605,0.004174755336938311,0.0040543679261963415,0.003834078457071537,0.003422883304665035,0.0026045587205691767,0.003422883304665035,0.003834078457071537,0.0040543679261963415,0.004174755336938311,0.0042354457674697605,0.0042540068737095815,0.0042354457674697605,0.004174755336938311,0.0040543679261963415,0.003834078457071537,0.003422883304665035,0.0026045587205691767,0.003422883304665035,0.003834078457071537,0.0040543679261963415,0.004174755336938311,0.0042354457674697605,0.0042540068737095815,0.0042354457674697605,0.004174755336938311,0.0040543679261963415,0.003834078457071537,0.003422883304665035,0.0026045587205691767,0.003422883304665035,0.003834078457071537,0.0040543679261963415,0.004174755336938311,0.0042354457674697605,0.0042540068737095815,0.0042354457674697605,0.004174755336938311,0.0040543679261963415,0.003834078457071537,0.003422883304665035
0.002111704750828726,0.0028796792527402367,0.003248779185439462,0.00344268998486166,0.0035477326995324745,0.0036004685097470886,0.0036165693451479823,0.0036004685097470886,0.0035477326995324745,0.00344268998486166,0.003248779185439462,0.0028796792527402367,0.002111704750828726,0.0028796792527402367,0.003248779185439462,0.00344268998486166,0.0035477326995324745,0.0036004685097470886,0.0036165693451479823,0.0036004685097470886,0.0035477326995324745,0.00344268998486166,0.003248779185439462,0.0028796792527402367,0.002111704750828726,0.0028796792527402367,0.003248779185439462,0.00344268998486166,0.0035477326995324745,0.0036004685097470886,0.0036165693451479823,0.0036004685097470886,0.0035477326995324745,0.00344268998486166,0.003248779185439462,0.0028796792527402367,0.002111704750828726,0.0028796792527402367,0.003248779185439462,0.00344268998486166,0.0035477326995324745,0.0036004685097470886,0.0036165693451479823,0.0036004685097470886,0.0035477326995324745,0.00344268998486166,0.003248779185439462,0.0028796792527402367
0.0016572508536840654,0.0023567130093696148,0.002676790936839831,0.002841791208186209,0.002930471839448241,0.0029748348056300635,0.0029883597766485774,0.0029748348056300635,0.002930471839448241,0.002841791208186209,0.002676790936839831,0.0023567130093696148,0.0016572508536840654,0.0023567130093696148,0.002676790936839831,0.002841791208186209,0.002930471839448241,0.0029748348056300635,0.0029883597766485774,0.0029748348056300635,0.002930471839448241,0.002841791208186209,0.002676790936839831,0.0023567130093696148,0.0016572508536840654,0.0023567130093696148,0.002676790936839831,0.002841791208186209,0.002930471839448241,0.0029748348056300635,0.0029883597766485774,0.0029748348056300635,0.002930471839448241,0.002841791208186209,0.002676790936839831,0.0023567130093696148,0.0016572508536840654,0.0023567130093696148,0.002676790936839831,0.002841791208186209,0.002930471839448241,0.0029748348056300635,0.0029883597766485774,0.0029748348056300635,0.002930471839448241,0.002841791208186209,0.002676790936839831,0.0023567130093696148
0.0012423220636548636,0.0018530077775239652,0.0021176711389291015,0.0022516855985911873,0.0023232260468752175,0.002358909209848317,0.0023697751787182726,0.002358909209848317,0.0023232260468752175,0.0022516855985911873,0.0021176711389291015,0.0018530077775239652,0.0012423220636548636,0.0018530077775239652,0.0021176711389291015,0.0022516855985911873,0.0023232260468752175,0.002358909209848317,0.0023697751787182726,0.002358909209848317,0.0023232260468752175,0.0022516855985911873,0.0021176711389291015,0.0018530077775239652,0.0012423220636548636,0.0018530077775239652,0.0021176711389291015,0.0022516855985911873,0.0023232260468752175,0.002358909209848317,0.0023697751787182726,0.002358909209848317,0.0023232260468752175,0.0022516855985911873,0.0021176711389291015,0.0018530077775239652,0.0012423220636548636,0.0018530077775239652,0.0021176711389291015,0.0022516855985911873,0.0023232260468752175,0.002358909209848317,0.0023697751787182726,0.002358909209848317,0.0023232260468752175,0.0022516855985911873,0.0021176711389291015,0.0018530077775239652
0.0008680654132465007,0.0013672910383481943,0.001570936883674706,0.001672398442845883,0.0017262636435291902,0.0017530689268410334,0.001761224082540502,0.0017530689268410334,0.0017262636435291902,0.001672398442845883,0.001570936883674706,0.0013672910383481943,0.0008680654132465007,0.0013672910383481943,0.001570936883674706,0.001672398442845883,0.0017262636435291902,0.0017530689268410334,0.001761224082540502,0.0017530689268410334,0.0017262636435291902,0.001672398442845883,0.001570936883674706,0.0013672910383481943,0.0008680654132465007,0.0013672910383481943,0.001570936883674706,0.001672398442845883,0.0017262636435291902,0.0017530689268410334,0.001761224082540502,0.0017530689268410334,0.0017262636435291902,0.001672398442845883,0.001570936883674706,0.0013672910383481943,0.0008680654132465007,0.0013672910383481943,0.001570936883674706,0.001672398442845883,0.0017262636435291902,0.0017530689268410334,0.001761224082540502,0.0017530689268410334,0.0017262636435291902,0.001672398442845883,0.001570936883674706,0.0013672910383481943
0.0005356746635121943,0.000897953840156354,0.001036081807765589,0.0011039726201476114,0.00113986881751571,0.0011577028485166047,0.0011631251648734065,0.0011577028485166047,0.00113986881751571,0.0011039726201476114,0.001036081807765589,0.000897953840156354,0.0005356746635121943,0.000897953840156354,0.001036081807765589,0.0011039726201476114,0.00113986881751571,0.0011577028485166047,0.0011631251648734065,0.0011577028485166047,0.00113986881751571,0.0011039726201476114,0.001036081807765589,0.000897953840156354,0.0005356746635121943,0.000897953840156354,0.001036081807765589,0.0011039726201476114,0.00113986881751571,0.0011577028485166047,0.0011631251648734065,0.0011577028485166047,0.00113986881751571,0.0011039726201476114,0.001036081807765589,0.000897953840156354,0.0005356746635121943,0.000897953840156354,0.001036081807765589,0.0011039726201476114,0.00113986881751571,0.0011577028485166047,0.0011631251648734065,0.0011577028485166047,0.00113986881751571,0.0011039726201476114,0.001036081807765589,0.000897953840156354
0.00024636600158807936,0.0004430021003957773,0.0005125974412706294,0.0005464746204949876,0.0005643420348091552,0.000573210369427508,0.0005759057195104817,0.000573210369427508,0.0005643420348091552,0.0005464746204949876,0.0005125974412706294,0.0004430021003957773,0.00024636600158807936,0.0004430021003957773,0.0005125974412706294,0.0005464746204949876,0.0005643420348091552,0.000573210369427508,0.0005759057195104817,0.000573210369427508,0.0005643420348091552,0.0005464746204949876,0.0005125974412706294,0.0004430021003957773,0.00024636600158807936,0.0004430021003957773,0.0005125974412706294,0.0005464746204949876,0.0005643420348091552,0.000573210369427508,0.0005759057195104817,0.000573210369427508,0.0005643420348091552,0.0005464746204949876,0.0005125974412706294,0.0004430021003957773,0.00024636600158807936,0.0004430021003957773,0.0005125974412706294,0.0005464746204949876,0.0005643420348091552,0.000573210369427508,0.0005759057195104817,0.000573210369427508,0.0005643420348091552,0.0005464746204949876,0.0005125974412706294,0.0004430021003957773
0.0,0.0,0.0,0.0,0.0,0.0,0.0,0.0,0.0,0.0,0.0,0.0,0.0,0.0,0.0,0.0,0.0,0.0,0.0,0.0,0.0,0.0,0.0,0.0,0.0,0.0,0.0,0.0,0.0,0.0,0.0,0.0,0.0,0.0,0.0,0.0,0.0,0.0,0.0,0.0,0.0,0.0,0.0,0.0,0.0,0.0,0.0,0.0
